{
  "lastModified": "2025-10-31T10:41:49.120Z",
  "files": [
    {
      "shortPath": "l0/README.md",
      "versionRef": "bc678c251343c9cfbff47e770b074a2628d80907",
      "Length": 14,
      "update_at": "2025-09-12T20:24:26.000Z"
    },
    {
      "shortPath": "l2/aaaa.defs.ts",
      "versionRef": "b015b4c7a0d17629dbfdad72fbb86a506bf7ede4",
      "Length": 78,
      "update_at": "2025-10-31T10:39:39.000Z"
    },
    {
      "shortPath": "l2/aaaa.html",
      "versionRef": "6e62df591e35fa2a3a1a5788f10769a9866d8b12",
      "Length": 27,
      "update_at": "2025-10-31T10:39:39.000Z"
    },
    {
      "shortPath": "l2/aaaa.less",
      "versionRef": "dbfe66f7ced5a005afffb466ba107b3e1b5afca6",
      "Length": 127,
      "update_at": "2025-10-31T10:39:39.000Z"
    },
    {
      "shortPath": "l2/aaaa.test.ts",
      "versionRef": "4126ff09a219fc6e0976e6cc7f70a799c017f40c",
      "Length": 246,
      "update_at": "2025-10-31T10:39:39.000Z"
    },
    {
      "shortPath": "l2/aaaa.ts",
      "versionRef": "fe78c7e6a522e520c6b5bcaef56f0b92e65ce807",
      "Length": 749,
      "update_at": "2025-10-31T10:39:39.000Z"
    },
    {
      "shortPath": "l2/designSystem.defs.ts",
      "versionRef": "1f938fd096f35ce14cd21fb13dfb9931f5ab52a4",
      "Length": 86,
      "update_at": "2025-10-31T10:39:39.000Z"
    },
    {
      "shortPath": "l2/designSystem.html",
      "versionRef": "407e94c1cf19a0a3117d9d391bd2a1dcb58b4471",
      "Length": 21,
      "update_at": "2025-10-31T10:39:39.000Z"
    },
    {
      "shortPath": "l2/designSystem.less",
      "versionRef": "fd73e9fce30d2815ba31f19f746073f161b97468",
      "Length": 144,
      "update_at": "2025-10-31T10:39:39.000Z"
    },
    {
      "shortPath": "l2/designSystem.test.ts",
      "versionRef": "5693085821527a25c4068fdb36dccb1c35ae7e17",
      "Length": 254,
      "update_at": "2025-10-31T10:39:39.000Z"
    },
    {
      "shortPath": "l2/designSystem.ts",
      "versionRef": "e4e8d1d5f62e36e48de9d929170c6025c076a57f",
      "Length": 16178,
      "update_at": "2025-10-31T10:39:39.000Z"
    },
    {
      "shortPath": "l2/project.defs.ts",
      "versionRef": "62aba0efd98e8dc922daf79083b3ffcd3e869c05",
      "Length": 81,
      "update_at": "2025-10-31T10:39:39.000Z"
    },
    {
      "shortPath": "l2/project.html",
      "versionRef": "88a90cf32ef33346febb29387541246b1be9a2e0",
      "Length": 16,
      "update_at": "2025-10-31T10:39:39.000Z"
    },
    {
      "shortPath": "l2/project.less",
      "versionRef": "87655995a72e5ddea8620edc2fb69c941068fc58",
      "Length": 133,
      "update_at": "2025-10-31T10:39:39.000Z"
    },
    {
      "shortPath": "l2/project.test.ts",
      "versionRef": "4a6cd4d77ea467b59fd78f86f580199d4bddb1db",
      "Length": 249,
      "update_at": "2025-10-31T10:39:39.000Z"
    },
    {
      "shortPath": "l2/project.ts",
      "versionRef": "e6429fefe7bd78a11f3161d3285474800eddfc1a",
      "Length": 132,
      "update_at": "2025-10-31T10:39:39.000Z"
    },
    {
      "shortPath": "l5/project.json",
      "versionRef": "2e869618674790690e1ecfdb4669c4671dd7ba01",
      "Length": 384,
      "update_at": "2025-10-31T10:39:39.000Z"
    },
    {
      "shortPath": "l0/package.json",
      "versionRef": "6af18910ce30dc82707cb28239f3f53af4316bf7",
      "Length": 470,
      "update_at": "2025-09-12T20:24:28.000Z"
    },
    {
      "shortPath": "l0/tsconfig.json",
      "versionRef": "6a95f6e8d8e3042af5f58de9c691a455a7221647",
      "Length": 1191,
      "update_at": "2025-09-12T20:24:29.000Z"
    }
  ]
}